ltable_id,rtable_id,label
546,530,1
104,108,0
607,462,0
1208,31,1
1284,63,0
1736,957,0
577,810,0
624,37,0
396,610,0
331,260,1
1001,15,0
1270,821,0
369,299,0
930,750,0
73,117,0
594,190,0
682,674,0
1086,898,0
1043,866,0
594,49,0
1597,140,0
414,261,0
1815,953,0
357,105,0
768,750,0
1519,686,0
986,408,0
967,923,0
1106,540,0
1670,924,0
1466,875,1
1718,563,0
110,747,0
173,395,0
1323,410,0
772,508,0
1970,138,0
255,398,0
1061,781,0
731,866,1
850,959,0
918,257,0
933,750,0
579,301,0
1040,108,0
101,629,0
580,304,0
1708,851,0
849,959,0
157,610,0
617,101,0
1518,587,0
837,308,0
611,333,0
968,227,0
651,78,0
214,128,0
404,375,0
596,261,0
593,920,0
1982,78,0
1376,818,0
1217,77,0
1466,622,0
1088,888,0
1327,740,0
1093,515,0
1152,741,0
42,55,0
546,863,0
637,745,0
1271,817,0
56,191,0
1251,725,1
1371,826,0
832,15,0
574,563,0
865,105,0
1155,687,0
73,610,0
1106,963,0
819,750,0
100,309,0
364,805,0
1165,407,0
1382,161,0
1073,408,0
1621,281,0
195,269,0
159,920,0
681,298,0
23,748,0
1891,304,0
504,166,0
628,194,0
1864,64,0
672,852,0
1518,686,0
908,298,0
1212,540,0
1701,59,0
595,283,0
1371,820,0
76,317,0
433,357,0
69,317,0
1524,405,0
1954,213,0
768,747,0
1931,384,0
768,748,0
101,499,0
1151,208,0
1575,959,0
854,766,0
622,776,0
946,191,0
1232,4,1
161,920,0
486,902,0
544,482,0
1231,108,0
380,972,0
557,63,0
464,63,0
159,610,0
285,383,0
1405,730,0
839,298,0
1671,359,0
425,273,0
1526,772,0
1238,883,0
1132,855,0
988,569,0
72,566,1
1563,118,0
675,278,0
1037,216,0
245,391,0
19,750,0
425,309,0
295,584,0
547,863,0
1330,306,0
623,253,0
1663,800,0
1258,959,0
160,304,0
986,351,0
510,656,0
832,745,0
595,493,0
1957,23,0
1575,222,0
1941,416,0
101,151,0
434,383,1
174,657,0
1407,663,1
1093,273,0
1100,49,0
999,743,0
1072,327,0
585,306,0
888,936,0
75,66,0
401,867,1
1536,685,0
593,656,0
985,523,0
297,364,1
925,692,0
1465,972,0
1904,518,0
1850,388,0
72,232,0
881,296,0
925,674,0
1491,952,1
220,296,0
1750,367,0
1970,743,0
120,117,0
545,484,0
1037,493,0
315,246,1
1004,779,0
332,72,0
1503,52,0
1271,818,0
1899,634,0
1062,810,0
931,748,0
420,480,1
1002,391,0
1602,114,0
1893,437,0
773,489,1
1279,350,0
22,748,0
1108,743,0
969,227,0
964,401,0
1085,524,0
1096,524,0
1944,391,0
17,357,0
214,261,0
1947,281,0
1069,157,0
1650,86,0
1955,664,0
59,305,0
863,617,0
1148,610,0
23,750,0
140,579,0
1251,3,0
768,749,0
1970,610,0
1185,333,0
1904,166,0
356,70,0
1981,219,0
1471,954,0
970,857,0
1288,581,0
614,582,0
1955,956,0
803,560,0
1221,193,1
925,398,0
1403,146,0
1879,800,0
595,172,0
1106,191,0
1069,678,0
934,166,0
1482,511,0
1037,142,0
48,86,0
449,416,1
1016,590,0
1125,772,0
1184,438,0
104,261,0
1894,582,0
928,391,0
912,698,0
439,130,0
969,219,0
1276,810,0
1183,512,0
1150,563,0
210,178,0
134,372,0
173,153,0
285,121,0
785,63,0
680,749,0
619,833,0
88,540,0
1428,374,0
1245,350,0
1970,608,0
882,444,1
170,49,0
770,848,0
773,845,0
1957,364,0
790,749,0
1271,815,0
1658,560,0
403,516,0
1664,483,0
790,121,0
992,464,0
486,692,0
231,933,1
1075,184,0
881,533,0
424,89,0
157,117,0
445,888,0
85,183,0
1518,49,0
1410,687,0
1085,411,1
1859,251,0
930,772,0
1155,688,0
11,499,0
1904,740,0
889,936,0
66,800,0
1508,353,0
608,368,0
1890,235,0
991,902,0
1235,887,1
1859,766,0
47,54,0
1169,603,1
1331,691,1
1000,857,0
950,192,0
160,566,0
841,166,0
1231,446,0
1218,536,0
1245,157,0
637,155,0
1103,33,0
1850,611,0
671,781,0
831,448,0
676,781,0
1699,363,0
1878,47,0
673,657,0
817,37,0
1937,873,0
1110,524,0
592,216,1
1067,743,0
71,232,0
561,534,0
335,105,0
1855,577,0
504,746,1
74,610,0
625,462,0
1076,44,0
613,101,0
1715,693,1
302,307,0
1243,592,0
1603,561,0
19,746,0
1404,726,0
1198,153,0
217,308,0
1982,587,0
584,444,0
956,821,0
99,72,0
1137,740,0
1502,956,0
1410,143,0
1511,410,0
1893,963,0
928,717,0
112,151,0
215,566,0
832,717,0
214,867,0
510,9,0
1839,133,0
1334,636,0
1000,745,0
1271,822,0
574,278,0
504,890,0
592,426,0
1230,508,0
395,184,0
332,443,0
1076,781,0
99,739,0
1422,475,0
460,692,0
1945,383,0
1852,44,0
1962,52,0
296,489,0
512,743,0
158,508,0
1508,632,0
401,610,0
1891,923,0
839,302,0
285,717,0
1530,376,1
1011,743,0
556,70,0
1070,107,0
134,379,0
768,518,1
141,936,0
386,33,0
395,339,0
624,253,0
955,364,0
1945,746,0
424,766,0
929,391,0
42,53,0
679,472,0
934,890,0
1223,731,1
1196,344,0
195,261,0
528,513,0
1201,241,0
1927,8,0
159,304,0
299,262,0
1326,663,0
396,921,0
985,363,0
1231,566,0
854,398,0
744,620,0
811,121,0
1483,185,0
706,368,0
394,946,0
580,448,0
65,438,0
1604,132,1
1132,77,0
1766,340,0
1177,34,0
593,261,0
1595,804,0
1376,819,0
1406,730,0
411,871,1
140,359,0
925,902,0
1658,954,1
952,857,0
1899,633,0
1259,641,0
330,192,0
790,747,0
1736,353,0
1946,657,0
170,688,0
779,699,0
228,911,1
435,166,0
282,239,1
637,747,0
1073,478,0
227,412,0
1574,873,0
558,222,0
72,608,0
140,472,0
1069,657,0
1859,353,0
273,367,0
1134,772,0
21,747,0
21,848,0
213,730,0
1974,778,0
1047,72,0
1853,388,0
1052,942,1
1601,359,0
1255,816,0
241,89,0
83,23,0
790,748,0
802,105,0
593,172,0
614,583,0
1478,781,0
585,307,0
1892,923,0
633,320,0
214,340,0
250,33,0
692,649,1
1946,560,0
1245,401,0
1320,278,0
628,462,0
1926,956,0
1118,678,0
1254,518,0
1623,157,0
1909,100,0
450,333,0
1569,461,1
161,269,0
1698,367,0
1005,894,0
96,300,0
413,871,0
1231,743,0
504,15,0
968,278,0
1453,384,0
676,851,0
500,367,0
1890,167,0
219,631,1
1508,633,0
1529,686,0
30,948,1
550,560,0
1165,747,0
159,261,0
1895,516,0
255,89,0
531,360,1
88,610,0
1465,919,0
1923,535,0
273,951,1
212,44,0
1524,36,0
1854,416,0
1321,218,0
680,750,0
82,317,0
1712,750,0
791,380,1
1040,142,0
54,561,0
111,357,0
635,344,0
295,845,0
395,261,0
413,929,0
1244,444,0
1261,399,0
839,448,0
97,957,1
706,351,0
1474,582,0
252,98,0
252,617,0
952,848,0
589,114,0
863,222,0
589,249,0
992,438,0
994,730,0
1089,33,0
628,320,0
1910,114,0
1952,664,0
1074,362,0
918,297,0
935,396,0
290,582,0
592,172,0
1015,508,0
82,610,0
1337,109,1
158,921,0
247,214,0
73,128,0
79,67,0
592,929,0
1712,541,0
188,161,0
1040,594,0
925,438,0
515,64,0
415,656,0
885,538,0
638,740,0
883,538,0
1106,508,0
1194,398,0
293,363,1
772,743,0
1750,323,0
302,297,1
290,262,0
1936,235,0
425,353,0
1094,629,0
581,308,0
1908,482,0
119,117,1
1906,47,0
908,302,0
1110,924,0
1575,810,0
1204,167,0
1271,22,1
422,252,0
909,801,1
925,63,0
849,235,0
216,946,0
1081,966,0
577,976,0
930,748,0
433,766,0
1936,873,0
928,121,0
1245,463,0
565,634,0
1982,194,0
394,801,0
212,924,0
458,63,0
1671,539,0
1108,386,0
465,63,0
1972,845,0
508,383,0
88,963,0
1182,772,0
931,848,1
211,340,0
774,468,0
334,902,0
985,478,1
297,845,0
435,541,0
418,488,0
508,746,0
594,493,0
1934,957,0
1321,781,0
1502,192,0
461,902,0
414,216,0
558,873,0
83,408,0
1193,462,0
806,333,0
561,249,0
42,52,0
110,383,0
681,305,0
1475,362,0
1016,927,0
1047,307,0
1910,678,0
1078,678,0
415,939,1
286,890,0
583,301,0
112,262,0
802,692,0
60,33,0
785,70,0
1069,241,0
640,33,0
1526,686,0
571,688,0
1156,685,0
1945,748,0
160,375,0
1274,888,0
45,749,0
217,154,0
195,656,0
466,426,1
622,47,0
1332,515,0
929,746,0
594,269,0
794,710,1
286,750,0
458,105,0
373,831,1
1732,157,0
1255,824,0
230,932,0
217,448,0
1601,664,0
637,541,0
832,541,0
43,53,0
1210,619,0
1036,283,0
823,836,0
1708,359,0
66,959,0
215,339,0
465,70,0
1520,772,0
1152,588,0
159,67,0
678,278,0
1250,188,0
348,157,0
832,772,0
1109,472,0
1037,283,0
603,437,0
971,772,0
1257,33,0
811,772,0
1099,72,1
1623,350,0
504,749,0
56,923,0
510,929,0
20,746,0
563,213,0
246,635,0
637,717,0
1035,9,0
1831,133,0
866,692,0
1535,582,0
298,408,0
78,743,1
1190,956,0
638,121,0
819,475,1
19,121,0
1248,822,0
1043,174,0
295,362,0
74,138,0
1108,304,0
966,852,0
432,399,0
993,184,0
638,749,0
837,66,0
133,368,0
141,359,0
199,9,0
1857,349,1
1853,730,0
1196,306,0
1574,561,0
1859,151,0
1165,391,0
970,747,0
320,246,1
1935,976,0
536,213,0
1344,821,1
1468,300,0
394,566,0
917,309,0
1154,178,0
384,482,1
866,63,0
1453,976,0
1692,281,0
487,463,0
1860,68,0
394,67,0
100,308,0
808,678,0
587,306,0
1468,308,0
1154,9,0
682,692,0
609,577,0
199,283,0
1270,817,0
1855,333,0
1527,323,0
1648,359,0
174,560,0
1890,512,0
1072,241,0
934,748,0
707,561,1
966,781,0
1362,274,1
462,692,0
1184,558,0
1196,776,0
768,121,0
1339,257,0
770,747,0
22,407,0
72,304,0
1512,521,1
449,478,0
298,41,0
70,566,0
992,902,1
847,537,1
1911,114,0
611,924,0
809,678,0
800,957,0
1864,781,0
1214,695,1
136,359,0
487,485,0
1036,866,0
432,72,0
863,512,0
868,256,0
830,770,1
286,541,0
21,745,0
1267,227,0
1732,560,0
932,772,0
1027,692,0
1231,68,0
591,98,0
493,70,0
1116,227,0
839,308,0
844,1,0
921,932,0
1012,375,0
1699,678,0
964,395,0
1406,146,0
1596,630,1
428,939,0
993,730,0
199,142,0
535,631,0
544,99,0
1145,976,0
1851,477,0
1508,630,0
211,339,0
624,776,0
1040,656,0
1529,687,0
5,9,1
1404,449,0
682,902,0
1732,395,0
1410,463,0
839,306,1
1339,301,0
1182,320,0
1975,664,0
1281,443,0
513,946,0
1001,121,0
931,15,0
1891,437,0
132,395,0
211,523,0
1574,512,0
1174,726,0
413,9,0
1137,189,1
1246,33,0
917,299,0
1558,826,1
1852,477,0
638,541,0
985,416,0
1371,876,0
1663,167,0
1248,876,0
435,747,0
587,302,0
1251,777,0
632,48,0
659,281,0
881,535,0
395,466,0
583,303,0
1981,893,0
51,306,0
388,99,0
425,399,0
55,99,0
161,108,0
795,222,0
774,805,0
294,580,0
1110,89,0
571,686,0
680,740,0
604,535,0
952,747,0
359,290,0
463,902,0
17,399,0
881,302,0
418,189,0
79,68,0
832,749,0
1528,870,1
396,426,0
1451,481,1
971,746,0
1935,800,0
1000,748,0
1482,391,0
1917,871,0
125,326,0
1052,531,0
1027,63,0
159,68,0
1957,362,0
785,845,0
1109,936,0
930,740,0
1970,66,0
700,63,0
1708,853,0
578,37,0
415,283,0
357,464,0
216,68,0
1956,186,0
1184,902,0
101,524,0
1137,77,0
762,398,0
1255,825,0
1230,885,0
651,79,0
1944,407,1
1001,541,0
986,476,0
1320,893,0
460,902,0
964,153,0
741,319,0
1151,489,0
425,89,0
1106,386,0
293,478,0
1270,825,0
1794,86,0
584,855,0
517,665,0
303,334,0
95,303,0
505,408,1
675,894,0
1041,569,0
394,608,0
889,620,0
1332,637,0
141,472,0
84,460,0
17,89,0
332,353,0
650,528,1
333,902,0
671,219,0
889,372,0
68,873,0
1144,641,0
246,327,0
1261,72,0
680,748,0
1957,369,0
209,529,0
1810,977,0
1110,443,0
1976,971,0
1098,508,0
199,108,0
1276,617,0
794,818,0
1508,629,0
32,818,0
413,866,0
1541,100,0
58,619,0
1173,146,0
537,855,0
982,693,1
1932,395,0
1231,594,0
1194,399,0
1542,462,0
994,478,0
1279,351,0
22,518,0
1272,877,0
1931,512,0
610,924,0
79,566,0
45,166,0
564,347,0
252,213,0
1150,227,0
673,359,0
604,37,0
510,108,0
18,749,0
87,610,0
1849,488,0
854,309,0
1492,952,1
971,747,0
1224,893,0
993,523,0
1903,408,0
81,608,0
1854,477,0
348,350,0
1140,590,0
1012,138,0
252,976,0
1540,664,0
293,845,0
1206,678,0
1481,417,0
69,946,0
968,894,0
1468,299,0
204,951,0
1057,944,0
510,128,0
395,117,0
148,111,0
17,524,0
713,692,0
1376,824,0
290,362,0
1376,878,0
1854,523,0
1906,843,0
132,153,0
459,692,0
965,368,0
505,364,0
78,66,0
285,587,0
615,581,0
609,416,0
1932,641,0
737,356,0
1100,685,0
1446,647,1
682,464,0
1261,766,0
77,66,0
99,957,0
1262,670,1
1270,826,0
1409,683,1
99,357,0
1043,128,0
671,894,0
1717,36,0
415,920,0
1270,824,0
1130,959,0
1260,958,0
59,350,0
1244,538,1
432,957,0
877,249,0
1154,608,0
809,278,0
65,674,0
1872,956,0
29,948,0
302,0,0
1857,347,0
883,444,1
32,816,0
1196,307,0
1751,870,0
1623,153,0
246,214,1
215,283,0
865,464,0
971,890,0
45,723,0
1213,695,1
1156,78,0
931,518,0
1968,474,0
622,320,0
1482,630,0
845,426,0
51,485,0
536,630,0
888,620,0
592,269,0
112,307,0
556,692,0
111,151,0
1910,132,0
204,309,0
1645,411,0
82,23,0
1934,167,0
216,608,0
69,367,0
1889,971,0
394,339,0
1042,108,0
1132,1,0
951,543,1
1973,484,0
348,535,0
158,426,0
91,333,0
29,89,0
931,407,0
1891,850,0
32,826,0
928,518,0
674,851,0
593,283,0
23,391,0
68,810,0
1096,443,0
622,37,0
1410,688,0
1165,15,0
1182,79,0
970,890,0
1229,755,0
246,633,0
641,63,0
1248,823,0
1196,353,0
735,242,1
195,920,0
590,951,0
1702,478,0
420,252,0
1509,183,1
1962,86,0
609,477,0
369,832,1
605,367,0
1658,395,0
933,848,1
565,391,0
1015,386,0
342,692,1
1903,845,0
173,517,0
13,933,0
986,369,0
942,543,1
564,632,0
214,801,0
439,1,0
286,166,0
1599,534,0
67,577,0
221,636,0
424,957,0
592,594,0
1069,395,0
1156,79,0
11,904,0
199,569,0
342,674,0
707,617,0
47,781,0
1254,541,0
356,692,0
1120,427,0
1945,745,0
838,608,0
1011,920,1
1195,586,0
285,857,0
1107,739,0
1039,594,0
1039,142,0
530,360,0
1109,583,0
80,232,0
135,472,0
1231,156,0
674,678,0
147,337,0
1679,281,0
473,339,0
1176,320,0
1933,810,0
1271,821,0
21,383,0
83,508,0
850,976,0
1239,536,0
1075,333,0
1814,330,0
1106,437,0
889,359,0
1274,380,0
1509,511,0
604,608,0
91,924,0
428,527,1
73,801,0
768,848,0
85,69,0
986,478,1
992,234,0
342,262,0
332,957,0
1098,850,0
505,363,0
674,893,0
1411,78,0
658,541,0
1321,114,0
1155,685,0
394,867,0
1047,443,0
1645,409,0
1603,167,0
992,489,0
222,296,0
1564,118,0
1040,920,0
482,9,0
1067,885,0
985,364,0
1196,399,0
112,731,0
1249,36,0
395,569,0
625,37,0
921,933,0
1132,854,1
636,541,0
1278,727,0
1944,745,0
581,299,0
608,509,0
1717,37,0
1196,151,0
585,855,0
284,46,1
1625,340,0
563,228,0
424,357,0
533,349,0
246,213,0
964,853,0
1482,214,0
1130,800,0
1975,853,0
1526,320,0
674,219,0
1245,194,0
100,298,0
402,566,0
1468,448,0
1717,298,0
888,353,0
948,237,0
646,902,0
20,745,0
1271,529,0
1724,574,0
158,608,0
9,747,0
790,383,0
1079,694,0
439,856,1
1224,563,0
342,898,0
1690,327,0
632,776,0
545,485,0
603,386,0
866,70,0
1067,923,0
885,883,0
232,933,1
771,746,0
811,848,0
43,52,0
608,535,1
413,216,0
581,448,1
1603,235,0
1192,37,0
1473,664,0
988,656,0
969,781,0
673,852,0
576,535,0
1820,133,0
1062,561,0
742,255,1
773,234,0
263,224,1
1321,219,0
1092,979,1
960,80,0
77,566,0
396,66,0
532,345,0
676,278,0
285,750,0
1209,153,0
1254,717,0
1931,800,0
387,486,0
786,403,1
394,920,0
435,407,0
111,731,0
1456,855,0
1070,831,0
1941,184,0
1137,193,0
94,588,0
596,594,0
1750,52,0
591,85,0
775,699,0
285,194,0
836,701,0
782,861,0
1931,617,0
186,923,0
1237,883,0
476,153,0
1019,591,0
1201,351,0
1859,524,0
1245,684,0
412,174,0
415,866,0
45,904,0
295,394,0
482,929,0
995,388,1
1851,388,0
286,383,0
1981,194,0
1950,956,0
933,717,0
466,902,0
399,305,0
1196,89,0
297,582,0
1248,826,0
216,610,0
186,850,0
1982,678,0
113,539,0
626,37,0
929,745,0
1011,232,0
987,128,0
9,723,1
1070,98,0
625,344,1
418,584,0
23,848,0
290,394,0
778,699,0
789,404,0
1075,664,0
531,347,0
73,920,0
1176,587,0
1259,976,0
1504,186,0
1102,54,0
46,963,0
1415,842,1
71,516,0
29,947,0
1258,512,0
596,142,0
498,490,0
1258,873,1
768,772,0
811,857,0
995,523,0
134,472,1
1189,167,0
1162,55,0
1334,631,0
877,534,0
971,391,0
73,743,0
597,216,0
115,678,0
616,395,0
286,391,0
564,327,0
1249,405,1
922,932,0
1371,817,0
211,177,0
669,558,0
214,178,1
1194,543,0
449,44,0
299,23,0
427,437,1
1501,974,0
739,120,0
958,824,0
410,870,0
1423,398,0
1517,948,0
611,477,0
302,298,0
429,308,0
677,539,0
69,508,0
1196,398,0
213,388,0
728,866,1
415,111,0
1973,500,0
211,478,0
32,821,0
1093,691,0
1465,187,0
216,184,0
620,976,0
1795,53,0
134,474,0
1904,848,0
1041,656,0
1047,357,0
75,743,0
1339,302,0
581,855,0
410,333,0
1074,351,0
576,368,0
604,303,0
1518,684,0
1879,976,0
422,488,0
929,121,0
438,359,0
1227,489,0
561,951,0
1017,591,0
380,740,0
544,484,0
1274,958,0
1944,166,0
67,477,0
676,678,0
741,502,0
1148,923,0
1096,957,0
594,108,0
1918,281,0
984,823,0
742,321,0
416,128,0
574,557,0
113,398,0
706,63,0
236,183,0
636,121,0
505,369,0
51,0,0
1038,172,0
1232,584,0
773,438,0
706,657,0
964,851,0
948,701,0
1027,464,0
565,628,0
19,772,0
1939,239,0
1864,114,0
101,307,0
394,426,0
1604,664,0
561,971,0
72,138,0
732,866,1
770,541,0
1574,235,0
395,340,0
1176,194,0
1451,482,0
395,9,0
404,386,0
1381,593,1
1648,539,0
111,309,0
92,590,0
1022,591,0
73,594,0
1032,542,1
1110,72,0
1201,560,0
1335,305,0
1076,281,0
1037,261,0
286,686,0
241,307,0
1073,369,0
678,657,0
1309,585,0
400,885,0
1212,923,0
76,67,0
1865,33,0
387,0,0
958,823,0
435,772,0
675,227,0
160,610,0
971,745,0
1259,959,0
1529,78,0
1196,297,0
1859,254,0
1527,427,0
1732,153,0
631,776,0
621,957,0
1221,740,0
286,772,1
1931,63,0
174,241,0
416,111,0
1194,353,0
594,174,0
1294,340,0
628,37,0
1288,777,0
1155,883,0
299,369,0
747,671,1
831,766,0
1212,885,0
226,877,0
73,184,0
965,535,0
1328,335,0
160,283,0
1142,281,0
1152,581,0
1469,449,0
771,890,0
1903,362,0
110,15,0
34,389,0
672,563,0
399,946,0
1943,956,0
1231,610,0
1339,448,0
849,167,0
76,508,0
59,303,0
811,717,0
794,816,0
333,105,0
1148,850,0
68,959,0
285,747,0
412,656,0
380,193,0
567,687,0
215,426,0
803,401,0
1026,951,0
934,749,0
1012,610,0
1453,800,0
1941,388,0
1122,250,1
51,257,0
1067,437,0
935,750,0
975,692,0
214,68,0
1923,327,0
1082,830,1
932,383,0
80,743,0
286,748,0
1463,529,0
828,579,0
296,41,0
49,53,0
462,464,0
1087,326,0
380,854,0
215,929,0
831,304,0
568,687,0
304,334,0
1272,817,0
688,701,0
214,566,0
1137,856,0
296,208,0
1052,101,0
139,358,0
636,383,0
1261,357,0
1407,726,0
1001,915,1
302,485,0
1035,569,0
513,743,0
504,121,0
465,464,0
331,652,0
768,740,0
1973,499,0
463,70,0
424,273,0
580,305,0
1503,186,0
68,384,0
1931,167,0
78,138,0
398,592,0
418,187,1
443,213,0
1142,437,0
23,745,0
1152,464,0
180,281,0
75,317,0
410,273,0
621,273,0
1891,885,0
1885,529,0
1943,678,0
1047,398,0
1261,957,0
627,47,0
476,351,0
75,608,0
534,146,0
504,748,0
499,368,0
1531,89,0
1712,717,0
1250,1,0
738,665,0
447,333,0
992,70,0
1106,885,0
1954,214,0
1152,590,1
881,305,0
226,340,0
1650,52,0
1140,591,0
651,393,0
1482,1,0
105,111,0
1121,498,0
1891,386,0
1182,883,0
1508,327,0
651,529,0
450,577,0
993,44,0
175,395,0
158,446,0
223,154,1
674,359,0
348,368,0
581,301,0
1628,411,0
721,664,0
610,44,0
175,241,0
596,426,0
565,347,0
897,694,0
637,15,0
795,976,0
620,810,0
929,407,1
100,304,0
831,306,0
928,748,0
1903,363,0
634,48,0
646,692,0
658,745,0
1217,856,0
532,346,0
1136,810,1
981,693,1
1158,6,1
995,333,0
1194,766,0
159,867,0
1241,781,0
204,957,0
231,932,0
592,283,0
1932,560,0
350,872,0
1512,89,0
76,232,0
1137,919,0
128,529,0
934,15,0
68,66,0
693,649,1
45,848,0
216,283,0
881,308,0
1217,919,0
17,443,0
285,463,0
950,956,0
1938,235,0
1248,819,0
1736,89,0
83,362,0
1854,924,0
1931,235,0
1185,863,1
157,566,0
195,866,0
443,214,0
72,67,0
794,817,0
1904,407,0
921,524,0
888,539,0
1109,585,0
1933,512,0
272,951,1
104,929,0
297,41,0
1666,554,0
901,70,0
999,540,1
1272,876,0
1110,430,0
512,231,0
1165,748,0
838,946,0
863,800,0
1915,870,0
1032,99,0
773,731,0
98,90,0
1468,485,0
158,566,0
616,401,0
1110,898,0
1702,23,0
769,407,0
688,764,0
1575,167,0
583,307,0
1275,590,0
1904,772,0
831,299,0
87,951,0
297,361,0
964,657,0
1227,438,0
216,67,0
1042,594,0
1281,442,1
953,234,0
988,9,0
1923,395,0
463,426,1
161,866,0
56,610,0
1271,878,0
620,873,0
845,929,0
76,743,0
217,309,0
467,902,0
1182,685,0
845,283,0
1416,117,1
983,692,0
547,971,0
245,628,0
925,898,0
677,227,0
1215,597,0
841,391,0
1540,114,0
1857,726,0
837,924,0
679,372,0
381,498,1
471,55,0
1904,391,0
113,357,0
380,187,0
579,46,0
1690,140,0
1155,194,0
546,64,0
161,929,0
73,177,0
500,400,0
139,359,0
45,518,0
935,717,0
79,608,0
1972,674,0
658,746,0
636,518,0
45,383,0
1028,105,0
56,508,0
1051,0,0
1246,883,0
215,921,0
482,866,0
141,123,0
1287,186,1
1716,78,0
558,235,0
187,87,0
1423,151,1
413,142,0
348,620,0
73,261,0
1038,594,0
850,235,0
948,260,0
19,749,0
1948,781,0
682,208,0
1185,523,0
1568,118,0
1938,810,0
157,68,0
1702,361,0
955,825,0
1069,153,0
487,306,0
671,227,0
865,70,0
253,384,0
1900,634,0
18,121,0
358,352,0
839,486,0
605,535,0
642,594,1
1039,111,0
555,687,0
157,743,0
294,262,0
793,47,0
563,73,0
985,477,0
1892,191,0
489,942,0
1402,328,0
850,810,0
1269,520,1
1564,326,0
535,628,0
377,837,1
396,743,0
536,632,0
1468,305,0
449,611,0
1976,956,0
246,511,0
957,817,0
1958,423,0
295,583,0
415,569,0
888,474,0
1172,235,0
895,808,1
13,932,1
988,142,0
1245,49,0
580,296,0
948,861,0
414,493,0
595,9,0
957,821,0
1070,833,1
160,801,0
1194,524,0
647,78,0
1751,872,0
510,142,0
1248,818,0
23,15,1
1220,740,0
1163,956,0
297,362,0
1701,664,0
929,166,0
957,878,1
69,68,0
1174,349,0
1893,885,0
1891,963,0
159,566,0
81,138,0
1940,512,0
771,541,0
1484,871,0
1855,730,0
1567,326,0
648,340,0
1028,63,0
99,151,0
412,128,0
1891,508,0
216,340,0
1192,48,0
1154,801,0
1699,369,0
104,9,0
995,44,0
500,343,0
83,478,0
579,37,0
394,594,0
727,866,1
625,46,0
91,730,0
1082,353,0
649,528,1
1511,629,0
682,845,0
638,750,0
1627,326,0
1982,219,0
1814,664,0
930,518,0
1411,143,0
416,108,0
1371,815,0
1981,772,0
1610,133,0
831,301,0
541,43,0
642,63,0
837,68,0
1074,68,0
804,281,0
241,353,0
110,717,0
535,511,1
32,825,0
924,877,0
362,526,1
537,46,0
1947,781,0
1081,324,1
73,68,0
705,63,0
1136,976,0
1255,821,0
1261,273,0
1482,365,0
1933,800,0
1184,898,0
534,730,1
88,386,0
1189,976,0
1865,863,0
433,307,0
157,128,1
1036,9,0
1602,956,0
682,898,0
1102,86,0
1908,484,0
922,326,0
1183,561,0
769,383,0
167,155,1
144,474,0
592,261,0
1258,384,0
80,566,0
967,743,0
221,154,1
930,391,0
357,902,0
332,398,0
1484,333,0
624,344,1
1821,363,0
1519,194,0
1736,357,0
946,951,0
1129,597,0
544,257,0
192,168,1
803,140,0
286,518,0
20,391,1
1464,528,0
290,489,0
432,307,0
958,876,0
216,866,0
460,464,0
214,920,0
606,231,0
1145,617,0
425,443,0
17,353,0
186,743,0
1226,532,1
785,674,0
83,743,0
886,538,0
1109,580,0
1714,944,0
1187,714,1
508,518,0
255,766,0
1071,350,1
1075,781,0
212,730,0
285,78,0
1212,437,0
1856,631,0
45,772,0
918,304,0
1273,594,0
1243,875,0
615,621,0
1658,153,0
148,556,0
71,566,1
1144,512,0
387,306,0
1100,194,0
143,123,0
1363,922,1
1474,364,0
508,121,0
243,366,0
1757,409,0
1523,39,0
427,885,0
427,540,0
1212,508,0
1453,167,0
681,644,0
1223,597,0
1035,594,0
1837,340,0
934,396,0
1936,641,0
912,665,0
1062,512,0
839,296,0
21,772,0
1255,819,0
1061,353,0
1980,338,0
545,297,0
1038,108,0
66,46,0
681,306,0
387,98,0
297,262,0
749,395,0
930,166,0
215,610,0
1218,708,0
908,309,0
914,175,1
917,300,0
214,304,0
432,524,0
295,579,0
45,121,0
77,946,1
1148,508,0
608,231,0
1023,591,0
504,407,0
298,208,0
1112,459,0
1933,959,0
241,434,0
302,448,0
255,898,0
1037,569,0
1855,388,0
252,384,0
1110,399,0
943,543,1
629,46,0
1943,132,0
56,386,0
1547,64,0
1511,521,1
850,512,0
1554,826,1
918,299,0
211,477,1
21,166,0
986,23,0
175,657,0
1975,851,0
1420,95,0
1611,133,0
686,482,0
1484,637,0
293,41,0
136,474,1
1601,330,0
677,893,0
436,121,0
447,611,0
1026,534,0
297,731,0
1047,151,0
837,333,0
302,304,0
1410,78,0
1009,260,0
159,866,0
1270,820,0
965,327,0
1717,350,0
14,409,0
414,269,0
953,37,0
1411,685,0
795,512,0
1906,344,0
434,717,0
425,357,0
160,66,0
800,766,0
46,540,0
1938,167,0
447,388,0
772,923,0
1526,688,0
1937,235,0
17,72,0
995,611,0
105,337,1
160,128,1
1032,397,0
573,475,0
19,518,0
217,301,0
379,590,0
614,620,0
594,866,0
1061,524,0
1067,850,0
67,64,1
175,351,0
1255,820,0
414,939,1
783,420,1
1936,222,0
284,462,0
112,273,0
1023,927,1
476,350,0
1231,67,0
994,333,0
587,308,0
1038,142,0
179,147,1
294,582,1
1973,0,0
658,890,0
1406,663,1
100,300,0
674,539,0
672,894,0
1600,664,0
397,592,1
1932,959,0
1173,360,0
703,63,0
493,63,0
1236,370,0
375,837,1
382,290,0
770,383,0
1254,121,0
406,375,0
585,309,0
535,630,0
420,251,0
806,477,0
11,89,0
987,929,0
1221,1,0
443,511,0
252,85,0
1100,686,0
1043,594,0
1201,401,0
1183,167,0
550,153,0
415,473,0
678,539,0
706,241,1
1973,329,0
770,890,0
318,246,1
1110,326,0
913,175,1
302,299,0
823,638,0
302,486,0
585,301,0
1193,232,0
294,394,0
720,678,0
530,349,0
1944,747,0
596,108,0
394,866,0
504,747,0
56,304,0
1599,872,0
1154,866,0
13,931,0
1474,348,0
416,920,0
917,297,0
970,749,0
574,894,0
823,879,0
435,717,0
1147,727,1
85,499,0
1194,357,0
594,283,0
199,174,1
488,387,1
627,253,0
447,477,0
284,45,0
1072,368,0
1528,872,0
772,437,0
452,330,0
832,166,0
922,933,0
828,585,0
396,9,0
1599,530,0
1114,3,0
19,717,0
908,306,0
414,920,0
1378,763,1
215,177,0
1307,678,0
1001,772,0
1196,302,0
342,464,0
1309,966,0
1969,483,0
73,426,0
1595,871,0
471,86,0
1889,530,0
794,820,0
112,208,0
400,923,0
1859,474,0
387,99,1
538,192,0
881,309,0
134,123,0
817,38,0
794,826,0
466,63,0
678,851,0
285,746,0
1252,618,1
533,360,0
1151,692,0
596,128,0
1181,34,0
1276,384,0
1821,369,0
550,368,0
616,140,0
434,848,0
972,33,0
606,303,0
250,213,0
399,300,0
1893,540,0
173,351,0
1173,347,0
1040,283,0
1376,825,0
1188,364,0
1100,633,0
895,556,0
23,383,0
1484,273,0
545,0,0
413,111,0
956,820,0
823,764,1
508,749,0
482,920,0
401,375,0
1069,351,0
845,216,0
985,924,0
908,308,0
20,740,0
707,810,0
1245,241,0
673,353,0
1545,251,0
1239,370,0
593,142,0
1508,347,0
1623,133,0
45,750,1
1663,617,0
95,304,0
1940,810,0
597,498,0
638,857,0
547,64,0
210,340,1
363,556,0
771,391,0
1136,959,0
80,304,0
1036,216,0
1453,222,0
785,399,0
1508,232,0
459,902,0
18,746,0
809,657,0
970,541,0
707,800,0
85,411,0
800,309,0
420,187,0
70,508,0
863,641,0
1940,641,0
1176,688,0
535,214,0
1615,133,0
595,216,1
770,748,0
1248,815,1
625,320,0
124,898,0
605,462,0
1000,407,0
87,191,1
79,317,0
1520,684,0
1931,222,0
88,191,0
508,391,0
1136,561,0
253,959,0
443,228,0
577,959,0
1132,189,0
932,745,0
701,63,0
135,379,0
206,574,0
68,222,0
399,375,0
986,416,0
1260,888,1
432,89,0
430,308,0
1422,78,0
164,678,0
918,309,0
1339,109,0
509,383,0
342,731,0
111,524,0
73,108,0
828,584,0
74,67,0
849,873,0
738,698,0
769,857,0
1704,956,0
614,619,0
1512,525,0
1259,800,0
236,445,0
1231,177,0
511,408,0
412,871,0
1210,358,0
400,850,0
397,623,0
1574,959,0
1240,173,1
348,395,1
1569,462,0
1239,881,0
1932,368,0
1894,364,0
305,133,0
676,219,0
1256,781,0
110,407,0
1879,384,0
564,214,0
907,764,0
394,921,0
1468,301,0
138,372,0
1086,409,0
610,611,0
113,353,0
608,303,0
476,401,0
136,123,0
1173,349,0
32,822,0
415,929,0
1945,747,0
690,649,1
273,608,0
32,876,0
570,678,0
255,326,0
808,241,0
76,566,0
431,939,0
933,391,0
1417,402,1
400,437,0
1547,254,0
965,395,0
1083,966,1
425,781,0
1012,566,0
1039,269,1
743,358,0
22,745,0
401,386,0
56,885,0
112,524,0
1946,192,0
1909,401,0
1109,474,0
1176,883,0
604,367,0
1904,750,0
1036,128,0
1627,273,0
394,117,0
1254,746,0
1402,192,1
595,108,0
140,474,0
1856,299,0
1145,512,0
1275,875,0
1215,152,1
298,845,0
241,309,0
795,641,0
564,633,0
1923,657,0
546,476,0
738,662,1
806,44,0
772,850,0
676,657,0
144,379,0
1597,298,0
1923,560,0
113,674,0
215,375,0
1849,252,0
1907,664,0
351,279,0
302,302,0
762,524,0
646,105,0
101,471,0
1906,262,0
295,674,0
100,107,0
615,584,0
1508,628,0
110,745,0
204,191,0
546,400,0
769,749,0
1140,588,0
604,533,1
999,885,0
508,772,0
622,344,0
547,114,0
1098,743,0
637,857,0
58,298,0
680,407,0
387,485,0
166,818,0
771,518,0
1020,591,0
1870,328,0
1002,541,0
43,55,0
1151,262,0
616,368,0
1194,309,0
827,580,0
253,641,0
1535,41,0
83,363,0
1941,523,0
546,114,0
212,478,0
199,594,0
958,826,0
1932,327,0
1156,772,0
1043,216,0
340,797,1
506,408,0
413,283,0
1180,400,0
677,219,0
285,883,0
1261,151,0
413,594,0
1410,684,0
225,133,0
432,151,0
82,304,0
839,485,0
985,362,0
1981,678,0
1096,398,0
1072,560,0
190,164,0
768,391,0
912,662,0
1856,304,0
1936,959,0
1047,957,0
214,921,0
467,63,0
1859,398,0
986,44,0
1971,474,0
1469,340,0
458,692,0
1602,664,0
397,622,0
1736,309,0
402,232,0
616,535,0
1154,610,0
1000,772,0
1217,972,0
1339,0,0
782,836,0
1794,55,0
334,70,0
1098,191,0
252,99,0
636,749,0
443,397,0
18,717,0
889,395,0
1222,715,1
544,483,0
412,283,0
580,309,0
933,352,0
1096,89,0
1504,281,0
823,580,0
987,493,0
396,678,0
395,608,0
1478,281,0
1248,820,0
581,297,0
20,749,0
186,508,0
1172,959,0
1026,64,0
934,740,1
236,184,0
688,237,0
608,157,0
1128,167,0
1645,898,0
637,383,0
399,298,0
531,726,0
585,296,0
563,96,0
935,745,0
918,305,0
837,388,0
427,743,0
249,330,0
1027,105,0
1699,68,0
1173,345,0
1454,46,0
593,9,0
956,878,0
984,818,0
1154,594,0
83,566,0
450,44,0
74,66,0
637,772,0
980,693,1
284,48,0
1423,89,0
576,351,0
1866,359,0
1935,641,0
845,569,0
1544,64,0
1601,353,0
1575,512,0
216,921,0
1935,810,0
1972,731,0
826,638,1
425,524,0
624,46,0
1100,320,0
1323,500,0
95,309,0
1421,780,1
402,375,0
1096,766,0
773,843,0
707,512,0
81,67,0
285,745,0
1072,157,0
1338,109,0
1433,751,0
1334,296,0
1041,261,0
1441,860,1
533,346,0
1648,852,0
1456,46,0
1536,688,0
75,566,0
845,920,0
419,480,0
1865,476,0
1890,976,0
138,359,0
609,446,0
1423,957,0
971,717,0
648,528,0
510,866,0
20,747,0
845,172,0
1079,556,0
1891,540,0
532,726,0
104,337,0
1529,883,0
396,67,0
648,139,0
908,304,0
1180,486,0
160,466,0
1356,816,1
994,477,0
841,518,0
921,931,0
734,356,1
1439,647,1
247,213,0
882,538,0
216,177,0
858,529,0
79,743,0
1969,481,0
512,619,0
97,309,0
1937,222,0
1331,515,0
508,848,0
854,353,0
1712,745,0
1541,531,0
65,902,0
20,717,0
933,748,0
357,70,0
1071,241,0
1217,585,0
1276,873,0
595,656,0
1072,535,0
621,281,0
1111,34,1
928,15,0
395,610,0
439,972,0
112,309,0
466,105,0
841,121,0
785,105,0
59,257,0
1628,326,0
932,391,0
246,629,0
743,620,0
1170,814,1
932,518,0
535,633,0
808,560,0
67,333,0
850,222,0
1016,589,0
1028,692,0
220,154,0
580,302,0
1902,146,0
771,747,0
570,687,0
1534,872,0
296,348,1
713,464,0
1098,25,0
1009,652,0
912,120,0
907,701,0
773,70,0
363,479,1
714,692,0
1196,299,0
157,921,0
1423,357,0
621,151,0
537,47,1
1319,133,0
1196,766,0
1542,232,0
211,44,0
1508,634,0
1601,853,0
1245,368,0
395,946,0
412,261,0
770,750,0
582,299,0
1261,443,0
970,745,0
881,307,0
1172,873,0
1508,324,0
1201,140,0
987,142,0
1981,685,0
1137,187,0
999,923,0
433,309,0
245,327,0
1100,882,0
1072,298,0
1258,167,0
966,395,0
460,426,1
1973,305,0
506,605,1
971,121,0
888,852,0
945,862,0
1230,850,0
513,232,1
613,102,0
1904,121,0
850,800,0
1453,561,0
160,866,0
651,139,0
1259,561,0
1653,406,0
1531,471,0
1125,79,0
1941,44,0
1108,963,0
1196,257,0
1033,397,0
1918,781,0
462,902,0
1946,140,0
1390,817,1
486,105,0
113,151,0
1628,423,0
606,535,0
140,396,0
474,177,0
556,902,0
535,347,0
1071,560,0
627,194,0
831,309,0
95,306,0
159,929,0
583,306,0
739,224,0
1009,237,0
535,635,0
80,608,0
1410,49,0
1334,86,0
463,692,0
819,556,0
1176,686,0
1508,406,1
186,386,0
1130,384,0
173,327,0
199,426,0
384,884,0
682,70,0
1853,44,0
739,662,0
1556,826,1
55,542,0
957,823,0
71,610,0
609,730,0
292,362,0
673,781,0
286,746,0
1603,512,0
1485,522,1
619,96,0
199,261,0
298,478,0
691,649,1
213,177,0
1851,611,0
681,299,0
396,375,0
1751,957,0
1195,531,0
1658,157,0
146,556,0
459,426,1
1482,634,0
1273,569,0
83,67,0
1067,304,0
1575,561,0
214,743,0
627,855,0
1835,133,0
1463,79,0
1510,947,0
688,879,0
1142,850,0
995,477,0
388,718,0
842,776,0
626,47,0
593,929,0
1327,848,0
808,368,0
87,963,0
402,743,0
1454,462,0
99,273,0
144,372,0
658,166,0
1095,123,0
1956,328,0
1467,875,1
1148,885,0
195,493,0
608,657,0
645,63,0
269,450,1
297,351,0
483,749,0
1245,140,0
633,48,0
582,729,0
738,805,0
153,200,0
1865,534,0
1339,484,0
1203,167,0
1108,508,0
1952,330,0
511,517,0
1864,664,0
550,241,0
1231,801,0
1490,952,0
1223,153,0
1339,300,0
394,743,0
330,956,0
794,822,0
818,297,0
170,772,0
244,96,0
1968,372,0
582,855,0
284,344,0
1114,875,0
999,508,0
216,656,0
510,426,0
930,848,1
245,365,0
585,303,0
744,359,0
967,191,0
1172,976,0
9,750,0
348,358,0
1367,648,1
421,488,0
611,730,0
1904,749,0
491,957,0
988,172,0
75,508,0
418,252,0
918,296,0
1427,860,1
918,308,1
1523,405,0
85,898,0
1864,956,0
215,867,0
1932,657,0
1963,113,0
141,579,0
578,48,0
1892,743,0
1196,304,0
1143,512,0
294,583,0
59,299,0
986,611,0
1948,281,0
1042,866,0
676,353,0
348,153,0
929,717,0
245,632,0
33,956,0
1904,857,0
930,717,0
1945,848,0
48,323,0
1902,730,0
646,70,0
46,54,0
132,350,0
246,347,0
124,326,1
917,304,0
742,502,0
1336,109,1
467,105,0
908,296,0
34,3,0
1276,167,0
519,939,0
1923,140,0
280,239,1
284,37,0
214,656,0
1132,187,0
443,552,0
498,678,0
1736,398,0
1102,323,1
415,594,0
932,746,0
1518,194,0
1982,772,0
159,66,0
11,410,0
1905,146,0
794,878,0
418,740,0
509,747,0
241,957,0
1309,619,0
1189,873,0
429,939,0
686,483,1
1203,561,0
580,308,0
671,563,0
681,296,0
1172,641,0
154,50,1
159,128,1
66,384,0
924,819,0
449,388,0
1188,408,0
803,395,0
1892,610,0
680,391,0
883,729,0
933,541,0
866,794,0
1973,89,0
660,365,0
1330,257,0
1321,476,0
1890,873,0
682,262,0
1976,64,0
585,298,0
1230,386,0
384,481,0
214,569,0
1536,253,0
276,718,1
207,177,0
968,893,0
251,214,0
795,167,0
435,383,1
1945,15,0
216,867,0
994,523,0
1273,920,0
1128,235,1
532,146,0
1546,64,0
413,493,0
1718,928,0
298,731,0
1851,577,0
645,70,0
978,693,1
1670,388,0
1892,963,0
83,138,0
1072,361,0
630,776,0
463,63,0
47,86,0
197,113,0
1100,463,0
831,297,0
72,610,0
1129,152,0
414,656,0
111,89,0
215,446,0
673,851,1
45,745,0
1853,333,0
1178,486,0
424,877,0
1096,399,0
565,332,0
1073,350,0
1712,848,0
707,384,0
901,63,0
1937,167,0
218,636,0
80,610,1
1043,172,0
1005,219,0
1468,484,0
75,67,1
1165,518,0
556,464,0
1503,86,0
634,253,1
675,853,1
467,464,0
592,493,0
1527,55,0
1061,72,0
544,481,0
935,383,0
611,416,0
1623,241,0
1623,351,0
1465,77,0
657,600,1
1403,726,0
952,772,0
1712,383,0
424,309,0
609,870,0
1196,303,0
399,566,0
237,308,0
739,805,0
550,140,0
113,72,0
1930,359,0
1582,281,0
1690,395,0
1855,477,0
1083,353,0
581,304,0
1940,976,0
55,483,0
1605,870,0
1508,830,0
99,398,0
218,154,0
22,749,0
1603,664,1
1857,360,0
170,463,1
1073,351,0
1930,853,0
532,730,0
985,388,0
1466,741,0
1934,384,0
239,434,1
1085,273,0
213,416,0
176,141,0
1574,222,0
582,257,0
1957,956,0
355,70,0
157,375,0
1934,810,0
608,351,0
985,333,0
993,478,0
159,656,0
91,388,0
1230,540,0
1125,686,0
109,121,0
806,388,0
286,684,0
160,138,0
298,362,1
1129,208,1
535,332,0
361,318,1
578,46,0
294,489,0
1497,687,0
427,610,0
460,105,0
214,508,0
558,641,0
32,817,0
1220,972,1
1900,630,0
215,569,0
917,307,0
209,340,1
1320,678,0
1474,362,0
255,307,0
415,142,0
434,890,0
676,853,1
76,138,0
1148,191,0
1051,387,0
396,184,0
372,481,0
1907,330,0
1273,493,0
285,518,0
74,508,1
988,269,0
136,358,0
1043,111,0
1973,629,0
113,443,0
1905,79,0
223,636,0
104,866,0
706,395,0
742,319,0
917,445,0
1074,298,0
1177,400,0
1531,587,0
795,873,0
1237,536,0
332,357,0
20,857,0
140,372,1
1015,610,0
153,201,1
218,631,1
314,246,1
785,262,1
992,105,0
1203,959,0
1282,443,1
966,153,0
432,353,0
917,298,0
1854,339,0
1890,810,0
78,608,0
990,64,0
1603,873,0
733,356,1
1962,53,0
1582,781,0
1648,851,0
434,772,0
1893,304,0
1645,326,0
9,749,0
1256,219,0
604,462,0
1410,320,0
1144,167,0
1002,121,0
112,674,0
113,489,0
299,843,0
487,257,0
1690,368,0
95,305,0
67,478,0
1411,772,0
1355,954,0
952,748,0
658,747,0
1018,927,1
142,936,0
837,611,0
558,384,0
590,530,0
1278,2,1
284,47,0
1675,364,0
682,731,0
525,735,1
555,684,0
1931,561,0
310,948,0
1900,629,0
1905,78,0
199,216,0
1879,235,0
509,155,0
908,257,0
482,172,0
1255,878,0
1712,740,0
59,448,0
793,48,0
400,610,0
831,184,0
1145,810,0
908,448,0
157,426,0
634,776,0
434,15,0
1271,825,0
1272,821,0
1628,620,0
592,111,0
286,15,0
401,946,0
414,142,0
1231,426,0
1011,608,0
66,64,0
435,890,0
987,656,0
766,98,0
1128,512,0
296,364,0
567,686,0
359,498,0
1113,165,0
596,111,0
918,445,0
1963,340,0
1600,281,0
214,67,0
658,15,0
1468,309,0
1605,872,1
829,281,0
1231,765,0
215,466,0
1035,128,0
112,766,0
1521,73,1
1143,235,0
170,883,0
1132,188,0
785,898,0
803,535,0
578,854,0
473,273,0
1261,353,0
1273,269,0
415,426,0
441,664,0
81,516,0
596,283,0
49,86,0
1012,743,0
97,443,0
1245,444,0
188,163,0
1531,156,0
1794,53,0
984,820,0
1231,128,0
1189,810,0
1602,281,0
1037,9,0
625,776,0
199,920,0
1184,557,0
749,321,0
1541,81,0
1712,772,0
1518,687,0
467,692,0
593,594,0
993,333,1
1718,894,0
476,560,0
94,300,0
93,309,0
434,391,0
571,685,0
1275,741,0
1859,957,0
609,924,0
1879,959,0
958,815,0
774,224,0
263,665,0
1224,894,0
286,587,0
462,426,1
144,579,0
1098,304,0
101,766,0
1114,584,0
1276,512,0
593,108,0
916,652,0
707,641,0
299,364,0
956,819,0
1602,781,0
1624,146,0
1002,772,0
925,105,0
1184,489,0
1192,231,0
1128,976,0
1248,821,0
606,353,0
677,353,0
995,416,0
618,942,0
629,320,0
496,37,0
953,35,0
800,359,0
421,252,0
928,890,0
1162,54,0
331,237,0
627,46,0
987,269,0
1853,577,0
908,485,0
232,931,0
681,448,0
26,464,0
831,308,0
1982,687,0
1086,875,0
1426,860,1
54,959,0
421,187,0
536,327,0
507,605,1
1250,919,0
946,877,0
1181,485,0
948,918,0
436,749,0
46,386,0
140,936,0
604,231,0
925,234,0
20,848,0
1061,357,0
1794,323,0
658,749,0
295,581,0
1808,529,0
582,300,0
111,957,0
536,365,0
84,459,1
686,481,0
952,407,0
252,167,0
1210,585,0
1675,351,0
635,776,0
1557,826,1
76,516,0
1963,529,0
769,890,0
1920,870,0
54,222,0
170,684,0
1168,792,1
1204,561,0
773,262,0
1837,529,0
841,890,0
1757,524,0
841,745,0
1345,821,1
680,15,0
84,458,0
970,407,0
1109,581,0
216,566,0
216,466,0
1708,593,0
242,87,1
1098,885,0
935,857,0
1245,587,0
1410,79,0
1071,157,0
432,766,0
1795,323,0
935,166,0
82,508,0
596,269,0
433,89,0
403,743,0
19,541,0
1903,41,0
1982,685,0
1108,762,0
81,68,0
217,631,0
1157,6,1
186,885,0
1585,529,0
678,893,0
158,594,0
1184,70,0
434,749,0
216,801,0
1012,386,0
929,857,0
1946,327,0
217,299,0
22,750,0
535,365,0
1073,362,0
302,257,0
402,304,0
85,184,0
75,68,0
608,350,0
1105,106,0
912,468,0
297,68,0
213,478,0
641,70,0
624,320,0
1854,611,0
1000,915,0
1321,678,0
836,879,0
1904,383,0
831,305,0
803,678,0
596,929,0
1663,561,0
994,577,0
652,139,0
1718,678,0
101,443,0
790,890,0
1890,800,0
1465,740,0
1856,448,0
302,306,0
1011,610,0
995,478,0
769,772,0
1000,747,0
56,963,0
1128,873,0
955,68,0
1279,153,0
1540,678,0
966,657,0
286,49,0
1204,222,0
436,746,0
1154,743,0
595,49,0
1271,340,0
1422,79,0
331,861,0
595,426,0
1481,629,1
481,451,0
157,920,0
439,919,0
1100,587,0
395,867,0
992,262,0
1268,634,1
43,86,0
23,541,0
1154,508,0
235,206,0
614,621,0
677,657,0
168,21,0
1955,330,0
1237,881,0
1062,222,0
362,479,0
977,693,1
835,768,1
263,698,0
418,743,0
302,301,0
565,629,0
482,569,0
216,508,0
1885,340,0
1194,957,0
285,391,0
1086,524,0
111,398,1
414,866,0
363,526,0
877,114,0
447,730,0
671,657,0
636,166,0
110,740,0
785,731,0
967,610,0
1481,515,0
187,163,0
1903,394,0
510,261,0
1174,345,1
1328,848,0
626,48,0
621,443,0
987,174,0
935,121,0
579,48,0
1574,800,0
749,358,0
1069,350,0
512,610,0
1149,153,0
1600,781,0
159,117,0
1851,523,0
101,975,0
170,194,0
1468,302,0
567,685,0
993,611,0
634,320,0
384,483,0
780,699,0
1574,617,0
435,518,0
241,72,0
1671,353,0
957,820,0
675,219,0
1859,309,0
933,746,0
605,608,0
1154,656,0
935,772,0
215,866,0
68,800,0
1508,391,0
770,166,0
1110,388,0
1440,768,1
533,730,0
1170,792,1
399,309,0
158,743,0
1423,766,0
458,70,0
1170,954,0
1323,499,0
1204,617,0
1597,517,0
135,936,0
100,305,0
85,459,0
158,929,0
95,300,1
581,300,0
782,260,0
1508,635,0
251,337,0
54,167,0
1658,351,0
969,894,0
1041,866,0
952,166,0
54,976,0
242,83,0
608,241,0
433,398,0
1042,174,0
581,302,0
1736,72,0
1625,529,0
439,189,0
1474,41,0
1712,749,0
1021,927,1
994,416,0
326,525,1
273,533,0
1699,364,0
1165,717,0
1970,317,0
1475,363,0
436,15,0
465,426,1
1250,193,0
519,473,1
508,745,1
253,873,0
582,301,0
412,172,0
589,863,0
395,921,0
159,178,0
836,764,0
1670,611,0
1059,946,0
355,283,1
286,857,0
111,674,0
933,747,0
258,330,0
159,138,0
794,815,0
160,569,0
1957,408,0
1980,502,0
1088,812,0
790,690,1
574,781,0
1468,296,0
622,855,0
544,0,0
1001,391,0
354,70,0
217,300,0
1522,400,1
592,142,0
1521,85,0
476,678,0
808,153,0
73,946,0
1937,512,0
8,74,0
441,330,0
197,529,0
606,852,0
1423,443,0
140,379,0
1544,254,0
673,539,0
12,932,0
1321,863,0
591,99,0
1507,174,0
433,151,0
416,594,0
1098,963,0
399,301,0
787,705,0
1879,222,0
877,951,0
1645,156,0
596,172,0
124,156,0
1940,873,0
399,867,0
557,464,0
482,128,0
638,407,0
1865,281,1
1183,384,0
1151,438,0
1864,33,0
785,208,0
136,936,0
1518,463,0
782,652,0
1938,222,0
91,523,1
808,535,0
489,387,1
544,297,0
157,866,0
504,745,0
929,848,0
286,740,0
577,641,0
713,105,0
1972,363,0
1073,361,1
158,466,0
1272,819,0
1936,617,0
628,46,0
803,657,0
1932,351,0
1468,486,0
679,396,1
1893,923,0
1903,23,0
964,157,0
83,68,1
1482,635,1
293,731,0
279,239,1
173,140,1
576,560,0
499,342,0
208,340,0
1930,852,0
509,541,0
1110,398,0
100,297,0
173,535,0
1940,167,0
1407,146,0
1255,815,0
285,688,0
1279,560,0
1736,766,0
1732,350,0
944,543,1
1076,33,0
838,323,0
220,636,1
51,486,0
658,772,0
1518,772,0
157,66,0
1865,664,0
1349,819,1
1196,448,0
1546,254,0
1658,401,0
1038,920,0
401,516,0
204,443,0
802,902,0
619,831,0
1468,307,0
636,391,0
505,68,0
1546,251,0
838,610,0
970,391,0
1185,730,0
794,825,0
1001,740,0
908,301,0
1231,178,0
214,283,0
672,219,0
449,924,0
621,357,0
1972,489,0
1519,49,0
791,958,0
615,620,0
92,300,0
576,395,0
45,541,0
1360,863,0
794,711,1
673,563,0
482,493,0
837,446,1
839,305,0
286,463,0
800,273,0
100,106,0
1938,512,0
1093,871,0
677,853,1
1231,283,0
836,237,1
48,55,0
1279,241,0
232,932,0
838,516,0
45,55,0
678,781,0
221,631,0
675,678,0
1944,541,0
160,867,0
174,535,0
388,397,1
214,610,0
161,111,0
1453,512,0
1482,631,0
1890,222,0
1220,193,0
714,902,0
396,801,0
1231,508,0
79,66,1
342,902,0
1272,878,0
1042,261,0
623,320,0
1376,826,0
658,518,0
832,391,0
29,406,0
1321,273,0
1071,327,0
577,222,0
195,9,0
42,328,0
956,815,0
1024,591,0
1969,484,0
464,105,0
917,308,1
71,68,0
618,531,1
638,745,0
1945,749,0
1972,394,0
68,68,0
1404,663,1
1142,963,0
78,67,0
1041,594,0
1192,47,0
832,383,0
845,108,0
1131,38,0
482,261,0
73,283,0
260,330,1
187,83,1
255,957,0
438,853,0
1175,726,1
1159,620,0
76,610,0
267,332,1
508,747,0
1423,339,0
398,375,0
622,45,0
636,750,0
411,273,0
214,66,0
1468,303,0
1976,281,0
596,174,0
144,472,0
675,893,0
907,260,0
159,375,0
1131,37,0
1105,299,0
429,527,1
958,878,0
1227,692,0
1042,269,1
447,924,0
157,446,0
585,302,0
292,262,0
1701,330,0
984,897,1
1854,333,0
1933,167,0
817,36,0
637,749,0
1970,68,0
828,638,0
496,855,0
550,157,0
70,138,1
71,66,0
885,729,0
332,524,0
782,237,0
412,108,0
785,398,0
1904,746,0
845,9,0
619,73,0
1699,408,0
100,302,0
1880,871,0
1148,743,0
922,843,0
509,15,0
1233,798,1
1851,44,0
215,801,0
806,924,1
1598,375,1
1663,976,0
1031,99,0
18,848,0
785,902,0
72,66,0
130,367,1
252,959,0
1468,297,0
1751,766,0
348,327,0
110,541,0
1206,563,0
1503,55,0
676,852,0
354,283,1
577,561,0
82,364,0
1119,556,0
674,278,0
216,138,0
1894,199,1
1503,328,0
1982,320,0
139,474,0
399,299,0
1108,850,0
886,883,0
1529,79,0
215,508,0
618,583,0
1075,281,0
1155,94,0
1280,851,0
1940,617,0
887,251,0
1859,266,0
433,524,0
338,797,1
988,476,1
632,344,0
1821,408,0
214,446,0
1534,871,0
243,329,1
112,72,0
1593,729,0
1699,114,0
342,489,0
789,403,0
504,541,0
1283,63,0
1270,818,0
1177,486,0
1519,687,0
113,399,0
233,844,0
930,396,0
1508,365,0
1699,956,0
800,324,0
132,535,0
510,569,0
1593,444,0
435,746,0
46,86,0
394,9,0
1535,348,0
292,364,0
615,619,0
1536,776,0
958,821,0
399,448,0
373,299,0
574,678,0
394,128,0
1270,22,1
396,177,1
1210,319,0
934,746,0
75,304,0
508,740,0
991,266,1
688,918,0
1795,86,0
917,446,0
1981,686,0
297,348,0
1339,308,0
1150,278,0
216,339,0
1114,622,0
845,493,0
673,894,0
582,448,1
1201,157,0
671,851,0
100,257,0
1142,191,0
1536,48,0
415,216,0
138,379,0
644,63,0
70,610,0
583,308,0
1154,128,0
1606,944,0
396,656,0
15,409,0
175,368,0
987,9,0
439,743,0
174,368,0
1650,54,0
215,9,0
252,222,0
1067,386,0
216,9,0
335,70,0
465,902,0
1905,686,0
1245,657,0
595,174,0
1969,482,0
294,348,0
1526,587,0
530,345,0
212,477,1
672,893,0
1975,359,0
619,552,0
54,641,0
621,353,0
1422,529,0
629,855,0
1146,727,1
395,743,0
322,246,1
1906,731,0
1424,860,1
1051,101,0
793,462,0
1330,305,0
1128,561,0
1467,622,0
1893,508,0
918,446,0
1757,273,0
631,194,0
1254,407,0
159,946,0
120,281,0
1072,350,0
81,610,1
1321,563,0
466,464,0
1259,512,0
769,745,0
994,611,1
331,764,0
1002,407,0
1981,49,0
934,772,0
585,447,0
931,746,0
82,743,0
415,108,0
929,772,0
734,355,0
1108,923,0
769,748,0
1982,894,0
77,608,0
638,746,0
1015,437,0
73,867,0
85,500,0
682,524,0
1519,587,0
803,368,0
1670,577,0
364,665,0
380,919,0
1864,249,0
512,946,0
916,879,0
1227,898,0
294,585,0
565,552,0
1595,870,0
583,297,0
1502,186,0
1521,99,0
806,577,0
760,56,0
41,662,0
1865,530,0
1600,33,0
931,352,0
706,153,0
1463,393,0
1623,401,0
1001,890,0
918,302,0
629,776,0
1627,411,0
1206,893,0
966,140,0
752,956,0
1172,512,1
622,462,0
1011,304,0
1973,297,0
46,52,0
1526,463,0
65,692,0
253,617,0
113,524,0
1855,44,0
1376,815,0
593,128,0
356,464,0
412,269,0
630,320,0
70,304,0
1216,551,1
35,133,0
1042,929,0
1937,384,0
1062,959,1
1933,222,0
1028,902,0
399,306,0
993,477,0
1254,747,0
1101,633,0
84,462,0
658,121,0
1189,384,0
1588,949,1
396,929,0
971,407,0
471,52,0
396,446,0
605,37,0
1000,15,0
1714,945,1
881,303,1
1946,157,0
17,307,0
583,304,0
1905,194,0
647,393,0
113,359,0
1007,203,0
1962,341,0
1220,854,0
1717,351,0
354,902,0
292,582,0
605,509,0
969,893,0
1736,273,0
1154,117,0
774,202,0
832,890,0
486,70,0
158,304,0
1255,823,0
1890,384,0
929,541,0
332,766,0
1936,976,0
714,63,0
1041,111,0
1671,851,0
292,489,0
263,662,0
1040,493,0
1973,99,0
31,947,0
881,539,0
1482,632,0
175,327,0
953,39,0
837,730,0
558,800,0
1128,800,0
567,688,0
170,942,0
922,156,0
67,611,0
1932,535,0
369,831,0
251,33,0
403,386,0
1474,363,0
91,416,0
841,383,0
1084,326,0
793,37,0
482,142,0
157,283,0
19,857,0
1142,508,0
253,800,0
925,731,0
197,781,0
113,731,0
986,363,0
590,534,0
807,508,0
1880,870,0
1795,54,0
596,866,0
858,340,0
1280,852,0
1230,743,0
1041,929,0
157,108,0
111,845,0
837,67,0
416,269,0
788,403,0
160,108,0
1371,819,0
217,257,0
215,261,0
1821,362,0
955,408,0
671,852,0
158,128,1
1903,489,0
619,99,0
1764,281,0
460,70,0
831,302,1
1892,304,0
928,749,0
1423,177,0
713,656,1
482,283,0
1865,951,0
1906,208,0
603,610,0
771,857,0
1130,810,0
1142,540,0
791,812,0
20,166,0
1932,235,0
401,138,0
301,905,1
981,692,0
798,254,0
199,128,0
73,678,0
648,78,0
1519,772,0
407,221,1
810,80,0
714,464,0
555,94,1
1176,772,0
935,740,0
395,866,0
811,749,0
1156,463,0
1757,411,0
611,478,0
1106,610,0
1690,535,0
807,304,0
616,241,0
395,929,0
741,255,1
1227,464,0
1717,40,0
59,307,0
10,748,0
445,812,0
1973,482,0
413,261,0
1000,740,0
65,63,1
97,151,0
505,361,0
887,254,1
387,552,0
803,327,0
533,726,0
40,956,0
396,608,0
1071,140,0
18,740,0
298,23,0
570,688,0
1405,146,0
127,948,0
394,108,0
1033,542,1
246,365,0
697,63,0
1856,303,0
436,848,0
1981,78,0
1508,975,0
681,300,0
1376,820,1
263,468,0
921,156,0
845,174,0
1565,118,0
1935,873,0
83,946,0
1062,976,0
1231,569,0
629,344,1
175,140,1
1598,386,0
530,347,0
573,337,0
160,9,0
1605,664,0
1671,853,0
1467,590,0
1154,108,0
967,437,0
931,772,0
402,921,1
912,202,0
934,352,0
952,383,0
1329,407,0
811,15,0
51,481,0
838,743,0
743,359,0
83,364,0
1732,401,0
1203,617,1
548,213,0
1712,407,0
636,746,0
807,885,0
1481,637,0
443,542,0
952,121,0
1330,99,0
1339,309,0
1210,621,0
544,400,0
527,908,1
128,340,0
849,537,0
1968,579,0
1321,894,0
658,750,0
1273,78,0
938,952,0
1245,535,0
290,731,0
1201,657,0
1231,184,1
1094,637,0
332,273,0
66,167,0
77,68,0
938,950,0
624,855,0
686,485,0
1145,384,1
1250,77,1
1051,463,0
1536,78,0
1536,587,0
1321,971,0
1116,218,1
1204,512,0
844,854,0
118,117,1
81,508,0
424,524,0
1165,890,1
1217,583,0
929,15,0
652,528,0
215,743,0
1751,273,0
1982,79,0
1892,540,0
124,118,0
986,523,0
110,890,0
1889,114,0
394,678,0
1284,519,1
800,89,0
101,399,0
49,54,0
1185,577,0
32,878,0
1180,485,0
1408,217,1
918,448,0
1231,946,0
1184,38,0
1114,581,1
144,936,0
1047,273,0
200,174,0
1889,534,0
294,363,0
91,44,0
1231,138,0
1178,400,0
1018,591,0
1227,208,0
1136,512,0
504,857,0
249,213,0
1856,636,0
798,266,0
397,375,0
1608,133,0
1232,854,0
606,851,0
895,337,0
131,367,1
342,63,0
1210,423,0
129,947,0
83,361,0
286,407,0
396,508,0
1750,608,0
207,339,1
569,687,0
1962,55,0
285,49,0
1339,299,0
626,194,0
1061,307,0
564,391,0
160,184,0
594,569,0
802,464,0
1154,569,0
1137,972,0
412,9,0
811,748,1
1585,340,0
74,946,0
208,339,0
427,508,0
18,541,0
1903,369,0
1879,641,0
1033,99,0
770,745,0
636,857,0
582,447,0
1001,749,0
1134,463,0
286,883,0
334,261,1
1191,48,0
673,853,0
290,348,0
769,747,0
510,920,0
69,743,0
43,54,0
1522,485,0
576,241,0
1026,530,0
87,304,0
1354,954,0
1637,871,0
1477,781,0
1423,307,0
434,541,0
48,54,0
1015,885,0
626,253,0
1437,975,0
157,678,0
1073,298,0
628,855,0
533,347,1
928,750,0
1273,128,0
405,375,0
1194,581,0
1125,688,0
18,166,0
1062,641,0
1465,856,0
904,830,0
1946,351,0
916,918,0
1155,684,0
1028,70,0
1041,172,0
1941,611,0
988,261,0
849,512,0
215,68,0
59,306,0
480,431,1
1052,463,0
414,111,0
1115,219,0
629,47,0
433,72,0
1279,327,0
335,692,0
1110,411,0
1004,778,1
74,68,0
1527,86,1
82,66,0
1411,79,0
1180,586,1
970,772,0
1766,781,0
1856,297,0
535,632,0
613,100,1
621,72,0
403,375,0
493,692,0
299,489,0
1287,386,0
839,301,0
1574,810,0
673,219,0
1405,726,0
888,359,1
238,308,0
1220,856,0
293,23,0
1536,49,0
1217,740,0
1419,886,0
924,824,0
1248,877,0
935,890,0
330,186,0
965,350,0
1246,385,0
173,368,0
633,253,1
932,857,0
71,304,0
955,369,0
1101,3,0
1154,566,0
1957,328,0
246,628,0
616,157,0
412,493,0
1031,542,1
1574,384,0
1934,561,0
1975,330,0
889,319,0
294,845,0
1181,586,1
87,850,0
82,478,0
1892,508,0
161,142,0
337,797,1
770,407,0
837,317,0
536,635,0
955,478,0
611,870,0
433,273,0
1663,959,0
70,232,0
145,936,0
838,357,1
1042,9,0
674,894,0
930,749,0
87,885,0
1972,364,0
1043,493,0
608,539,0
374,837,1
924,822,0
246,343,0
841,723,0
1851,478,0
1330,483,0
1078,872,0
132,351,0
929,352,0
1523,38,0
1960,395,0
1628,524,0
1003,778,0
636,747,0
245,629,0
418,854,0
680,383,0
99,89,0
1231,9,0
651,528,1
538,186,0
157,177,0
534,610,0
1276,561,0
1492,340,0
1108,437,0
1852,523,0
544,486,0
1148,437,0
81,317,0
134,936,0
1941,730,0
1113,164,1
971,848,0
1976,863,0
1193,37,0
213,339,0
1239,883,0
886,729,0
1191,47,0
87,437,0
1238,370,0
673,893,0
1072,395,0
932,890,0
807,957,0
410,637,0
606,359,0
1468,257,1
1322,316,1
1414,89,0
785,489,0
1708,539,0
583,855,0
1037,594,0
1400,162,0
331,701,0
589,64,0
930,890,0
255,524,1
637,750,0
328,133,0
530,726,0
1508,332,0
1165,749,0
984,877,0
1574,976,0
1136,222,0
356,63,0
293,364,0
204,398,0
1270,816,0
570,685,0
594,172,0
1189,222,0
78,232,0
1036,929,0
957,824,0
924,825,0
1105,107,0
958,817,0
837,44,0
416,142,0
376,837,1
985,611,0
411,637,0
1902,726,0
140,123,0
132,657,0
361,461,0
139,579,0
1169,954,0
800,852,0
838,566,0
1339,304,0
1042,920,0
1134,687,0
548,511,0
970,15,0
811,391,0
302,484,0
1246,538,0
995,577,0
1627,524,0
1154,678,0
440,130,1
88,743,0
643,464,0
41,468,0
1245,153,0
818,156,0
1945,391,0
77,610,0
104,142,0
1036,493,0
295,208,0
396,594,0
1071,535,0
1227,105,0
1511,525,0
585,257,0
1365,274,1
158,946,0
1231,333,0
1982,49,0
968,563,1
802,63,0
582,309,0
1421,500,0
1203,235,0
1205,654,1
1107,875,0
1853,523,0
1599,33,0
422,251,1
1883,678,0
112,443,0
1920,871,0
157,466,0
1976,476,0
136,579,0
285,749,0
1012,608,0
476,535,0
1529,463,0
1643,819,0
1255,818,0
1663,235,0
625,48,0
1224,219,0
1191,40,0
71,608,0
1520,687,0
843,854,0
1670,477,0
1001,745,0
482,724,0
1859,936,0
1905,687,0
212,523,0
1002,745,0
23,717,0
1220,1,0
638,166,0
1623,368,0
768,383,0
1852,577,0
395,375,0
1944,740,0
399,232,0
298,68,0
330,328,0
23,518,0
112,399,1
1648,853,0
1879,617,0
1039,108,0
1154,66,0
416,9,0
908,303,0
992,674,0
1937,800,0
510,172,0
517,805,0
1463,528,0
1321,530,0
582,304,0
1037,128,0
41,202,1
907,918,0
1206,219,0
493,902,0
838,232,0
1597,327,0
1455,46,0
616,33,0
111,307,0
803,157,0
1571,149,0
1945,857,0
293,348,0
1718,781,0
101,957,0
773,464,0
837,416,0
1088,978,1
658,717,1
948,652,0
124,411,0
1934,959,0
680,746,0
1466,590,0
110,772,0
533,146,0
510,594,0
1142,239,0
1117,33,0
261,330,0
971,166,0
160,68,0
1468,298,0
515,251,0
435,391,0
395,304,0
1690,241,0
253,561,0
212,388,0
762,399,0
1069,560,0
907,861,1
837,478,0
1423,178,0
607,231,0
638,155,0
682,156,0
935,541,0
589,530,0
1136,800,0
537,462,0
706,327,0
439,193,0
1716,529,1
621,399,0
295,580,0
214,929,0
59,297,0
195,111,0
1131,39,1
674,353,0
1206,781,0
714,105,0
1456,344,0
624,47,0
790,750,0
581,298,0
948,836,0
1788,133,0
625,855,0
1220,919,0
513,231,0
237,445,1
488,942,0
1982,893,0
929,740,0
1086,411,1
110,748,0
1934,512,0
1959,423,0
1100,79,0
1100,389,0
1231,44,0
1332,691,1
1227,70,1
585,300,0
1142,304,0
649,78,0
1751,524,0
1035,142,0
201,678,0
1196,72,0
1201,327,0
1039,216,0
1254,750,0
1067,508,0
916,764,0
863,959,0
401,608,0
768,407,0
1854,340,0
807,540,0
1824,340,0
1465,584,0
91,477,0
1020,927,1
412,473,0
83,66,0
134,579,0
73,516,0
136,472,0
394,68,0
971,748,0
1973,485,0
592,190,0
1712,121,0
1523,40,0
1217,582,0
1975,353,0
974,693,1
986,477,0
214,946,0
215,920,0
1329,740,0
412,594,0
1946,350,0
1002,717,0
1937,959,0
1273,866,0
211,416,0
924,957,0
1125,463,0
487,297,0
1035,929,0
773,105,0
210,529,0
79,232,0
215,608,0
298,489,0
1613,133,1
1567,118,0
831,300,0
619,213,0
1042,656,0
1233,790,0
1628,898,0
350,870,0
415,128,0
1595,872,0
1201,395,0
1528,577,0
299,363,0
505,362,0
1067,540,0
790,717,0
540,191,0
1038,269,1
592,920,0
1481,499,0
348,401,0
1137,854,0
113,262,0
1976,534,0
1590,702,0
77,508,0
1492,529,0
592,866,0
1236,883,0
246,552,0
1422,393,1
1041,493,0
394,610,0
1197,872,0
222,631,0
439,584,0
1209,597,0
265,331,0
1520,49,0
737,355,1
839,307,0
877,863,0
72,508,0
294,579,0
983,693,1
298,369,0
1188,362,0
286,848,0
1396,60,1
1458,632,1
565,511,0
795,959,0
932,352,0
1405,663,1
1575,235,0
505,478,0
1056,945,0
808,157,0
1766,529,0
396,68,0
434,748,0
1565,326,0
590,863,0
768,857,0
609,523,0
622,253,0
20,772,0
806,730,0
157,184,0
544,485,1
1482,629,0
1040,569,0
482,216,0
1108,191,0
593,216,1
606,533,0
1483,183,0
650,529,0
1411,684,0
1933,617,0
762,309,0
865,794,0
1931,873,0
1114,590,0
1906,489,0
1130,167,0
1102,341,0
1891,610,0
396,128,0
680,857,0
416,426,0
672,678,0
1151,105,0
1069,535,0
1271,820,0
15,932,0
629,48,0
713,902,0
787,404,1
416,569,0
19,740,0
1191,37,1
881,297,0
253,235,0
808,350,0
399,304,1
199,929,0
255,443,0
994,44,0
1456,47,0
1920,872,0
126,118,1
1932,241,0
1128,810,0
487,484,0
1154,67,0
582,302,0
576,140,0
1279,157,0
1201,350,0
1856,305,0
132,140,0
999,437,0
54,512,0
458,426,1
935,391,0
888,321,0
1209,152,0
908,307,0
1288,633,0
332,89,0
27,25,0
931,750,0
932,407,0
175,535,0
849,222,0
1199,601,1
395,678,0
1191,38,0
434,750,0
1203,873,0
1904,748,0
22,166,0
1940,561,0
623,344,0
414,172,0
63,33,0
292,363,0
1231,656,0
1002,750,0
1131,36,0
970,166,0
1154,446,0
1529,772,0
47,323,0
585,305,0
74,304,0
1520,686,0
1690,401,0
100,98,0
509,857,0
789,705,1
214,866,0
641,594,1
493,105,0
79,138,0
1188,68,0
1148,304,0
1531,780,0
413,589,0
1248,824,0
433,678,0
1870,956,0
1780,227,0
1935,167,0
504,717,0
139,379,1
809,851,0
1015,850,0
1327,335,0
294,41,0
1119,694,1
408,221,1
1856,296,1
110,750,0
965,157,0
476,327,0
1140,871,0
1143,384,0
1040,172,0
610,523,0
1945,166,0
1603,132,0
1633,52,0
1073,364,0
1859,123,0
811,890,0
1104,33,0
785,843,0
828,582,0
233,517,1
1142,923,0
21,407,0
1935,235,0
1605,114,0
40,33,1
1042,111,0
565,630,0
1184,105,0
396,867,0
658,748,0
630,253,1
536,552,0
1359,267,1
1221,189,0
1043,108,0
1173,726,0
1201,153,1
158,375,0
1519,79,0
1189,512,0
825,638,1
56,850,0
1156,883,0
1757,156,0
1575,384,0
1757,898,0
1933,873,0
298,674,0
424,307,0
1221,856,0
676,894,0
265,332,1
1115,218,1
714,70,0
1934,235,0
399,743,0
582,297,0
921,409,1
1114,725,0
1945,890,0
1571,148,0
113,853,0
132,560,0
1330,486,0
147,556,0
1102,55,0
532,347,0
1210,359,0
567,684,0
159,9,0
782,918,0
1011,138,0
786,705,0
299,674,0
293,408,0
414,589,0
299,348,0
424,353,0
844,584,0
922,931,0
465,692,0
864,781,0
211,730,0
1039,426,0
416,493,0
1134,587,0
629,462,0
1009,532,0
23,407,0
1115,227,0
1628,273,0
1330,936,0
1176,685,0
1941,477,0
771,717,0
965,781,0
18,15,0
1243,590,0
1106,923,0
49,323,0
1086,156,0
160,608,0
395,66,0
295,348,0
147,111,0
1026,863,0
1279,552,0
465,105,0
583,298,0
1856,300,0
635,194,0
101,89,1
54,800,0
1455,37,0
593,493,0
68,67,0
1934,641,0
285,686,0
616,327,0
20,748,0
228,412,0
1258,235,0
298,843,0
1177,583,0
245,633,0
808,140,0
1894,363,0
152,200,1
1005,678,0
215,946,0
1406,449,0
678,219,0
638,391,0
1271,819,0
1027,902,0
97,524,0
827,638,1
610,333,0
215,594,0
627,37,0
76,304,0
1903,364,0
1012,920,1
80,67,0
65,489,0
1935,222,0
428,308,0
1245,687,0
123,82,0
1411,49,0
638,890,0
335,63,0
73,866,0
285,79,0
17,273,0
1904,745,0
921,273,0
1941,478,0
1957,351,0
241,766,0
32,820,0
806,478,0
476,157,0
399,508,0
839,0,0
1522,342,0
1001,407,0
510,174,0
195,594,0
1061,766,0
1503,53,0
952,890,0
136,379,0
1143,167,0
508,15,0
1526,194,0
496,47,0
931,383,0
1188,361,0
908,297,0
770,717,0
565,631,0
1339,99,0
1956,192,0
536,347,0
395,128,0
1451,486,0
132,367,0
212,416,0
1850,333,0
545,305,0
112,89,0
985,369,0
854,443,0
1071,298,0
246,634,0
682,105,1
771,748,0
823,861,0
987,216,0
436,750,0
12,409,0
513,304,0
1597,361,0
956,825,0
32,815,0
66,810,0
1575,641,0
635,320,0
637,740,0
492,323,0
294,208,0
967,850,0
82,351,0
101,357,0
706,560,0
534,944,0
80,508,0
1061,957,0
1125,78,0
23,749,0
1732,657,0
921,411,0
418,251,0
924,815,0
1107,581,0
161,172,0
795,235,0
1154,920,0
957,826,0
1622,529,0
1217,1,0
161,174,0
729,866,1
1976,249,0
1850,478,0
97,399,0
1715,692,0
862,793,1
447,478,0
34,633,1
1519,685,0
69,533,0
252,512,0
292,41,0
17,309,0
513,508,0
1002,747,0
1482,332,0
113,273,0
334,63,0
1856,154,0
110,749,0
158,178,0
1536,772,0
908,300,0
1183,222,0
1016,591,1
675,657,0
1339,307,0
333,464,0
1237,882,0
256,524,1
590,971,0
928,541,0
295,363,0
364,662,0
1935,617,0
482,656,0
1112,462,0
806,523,0
104,569,0
644,692,0
174,140,0
950,328,0
1704,192,0
101,72,0
82,363,0
74,743,0
1173,346,1
222,154,1
474,430,1
82,232,0
388,542,0
1569,459,0
1521,552,0
966,350,0
556,105,0
416,939,1
1508,214,0
1410,772,0
55,718,0
1544,251,0
817,40,1
97,72,0
100,303,0
1165,745,0
1239,882,1
1334,154,0
738,120,0
589,534,0
1075,446,0
391,336,1
1019,927,1
22,746,0
536,343,0
236,185,1
72,317,0
1523,37,0
22,740,0
1201,368,0
1114,585,0
213,611,0
583,305,0
509,408,0
205,952,0
1523,631,0
173,157,0
1609,133,0
276,542,0
970,383,0
1854,177,0
1469,178,0
968,219,0
1464,79,1
841,541,0
160,921,0
576,401,1
1127,207,1
838,83,0
113,766,0
11,521,0
606,37,0
1936,800,0
1144,384,0
1131,35,0
1484,305,0
1633,323,0
1414,499,0
99,307,0
474,273,0
26,105,0
1087,156,0
387,305,0
884,883,0
1931,641,0
1593,464,0
645,692,0
1971,472,0
933,745,0
1184,234,1
295,41,0
1523,296,0
170,79,0
1526,687,0
658,407,0
950,186,0
69,66,0
1100,536,0
419,488,0
1908,481,0
394,446,0
138,358,0
380,77,0
1534,870,0
800,524,0
464,70,0
435,740,0
170,387,0
1071,657,0
1185,416,0
1037,269,1
1945,541,0
993,924,0
1766,281,0
419,187,0
550,351,0
794,824,0
637,121,0
838,304,0
811,518,0
1974,779,0
984,876,0
1041,108,0
449,333,0
592,569,0
1718,218,0
987,261,0
1130,235,0
101,500,0
1575,976,0
188,162,0
1944,352,0
402,920,0
213,577,0
1110,357,0
197,661,0
984,825,0
581,309,0
832,518,0
286,749,0
1031,397,0
771,740,0
1100,78,0
482,174,0
850,384,0
1804,1,0
68,641,0
1137,1,0
41,86,0
1125,320,0
1143,487,1
174,350,0
517,120,1
922,524,0
1623,560,0
596,216,1
733,355,0
643,902,0
73,566,1
77,232,0
1234,790,1
446,558,0
596,569,0
1107,622,0
548,214,0
394,178,0
1151,590,0
777,699,0
244,73,0
802,70,0
1465,1,1
564,365,0
757,30,1
946,950,0
925,399,0
305,334,0
1982,563,0
1962,323,0
173,401,0
1982,688,0
823,237,0
1212,963,0
450,477,0
1231,66,0
929,747,0
1599,664,0
908,99,0
895,694,0
1288,881,0
766,552,0
642,105,0
933,857,0
394,138,0
785,464,0
174,517,0
158,261,0
1154,466,0
1260,812,0
1231,920,0
95,299,0
22,857,0
241,151,0
811,723,0
800,398,0
286,320,0
1972,582,0
1203,384,0
1269,634,0
1184,63,0
714,656,1
512,516,1
1125,687,0
536,511,1
1627,156,0
781,957,0
1285,519,0
302,300,0
253,222,0
1519,688,0
1857,146,0
1334,427,1
1156,687,0
358,500,0
1917,870,0
1932,167,0
186,540,0
510,216,0
1043,569,0
1182,687,0
302,309,0
1936,167,0
1454,47,0
403,566,0
87,923,0
11,629,0
1012,946,0
903,33,0
1737,508,0
380,856,0
848,537,1
56,540,0
1156,587,0
215,184,0
952,749,0
1087,898,0
682,234,0
1136,384,0
418,972,0
1465,743,0
159,678,0
571,684,0
294,581,0
213,178,0
706,157,0
643,105,0
332,309,0
54,384,0
1217,189,0
1940,959,0
1017,927,1
59,361,0
632,320,0
658,383,0
1250,740,0
216,375,0
1521,213,0
68,167,0
1243,622,1
1973,366,0
1231,185,0
676,359,0
1176,94,0
187,161,0
616,593,0
861,793,1
1495,529,0
425,957,0
403,920,0
1905,463,0
285,15,0
547,534,1
1249,536,0
1196,273,0
1443,647,1
1273,9,0
1261,89,0
838,138,0
159,569,0
1268,520,0
1202,706,1
443,99,0
175,517,0
1001,848,0
1453,959,0
1895,232,0
22,747,0
1245,327,0
1606,945,0
1527,390,0
1237,370,1
1935,561,0
641,105,0
803,350,0
1273,142,1
686,884,0
96,309,0
1946,395,0
606,539,1
1509,185,0
161,216,0
1040,174,0
644,464,0
1628,409,0
509,391,0
333,63,0
1489,952,0
1162,323,0
1412,110,1
1627,898,0
587,300,0
1043,269,1
160,508,0
54,810,0
589,971,1
594,656,0
976,693,1
558,617,0
592,174,0
987,866,0
674,781,0
1511,500,0
581,296,0
278,239,1
762,443,0
688,836,0
1321,249,0
1095,379,0
1079,337,0
1276,959,0
113,957,0
1520,79,0
513,566,0
935,848,1
59,304,0
967,963,0
1143,800,0
1690,350,0
800,307,0
1238,881,0
626,320,0
1179,486,0
1962,54,0
1418,75,1
850,641,0
77,743,0
545,306,0
100,296,0
586,448,0
545,483,0
952,750,0
400,304,0
384,486,0
1857,345,0
214,608,0
1400,163,1
415,493,0
582,306,0
929,748,0
424,443,0
931,166,0
84,69,0
1245,78,0
611,577,1
47,55,0
29,975,1
1039,493,0
40,678,0
82,361,0
956,877,0
296,582,0
1188,363,0
462,70,0
1280,359,0
1185,924,0
1925,885,0
1231,921,0
1189,800,0
85,458,0
434,745,0
1210,620,1
1938,800,0
919,308,0
762,151,0
70,516,0
424,151,0
1795,52,0
162,128,0
476,657,0
175,560,0
1259,873,0
1599,249,0
1453,641,0
952,717,0
1102,53,0
45,407,0
252,96,0
74,317,0
425,307,0
161,493,0
1543,560,0
933,518,0
808,351,0
948,764,0
416,261,0
1244,883,0
1328,352,1
994,388,0
18,750,0
541,42,1
327,133,0
1668,804,0
1351,808,0
800,72,0
110,166,0
1850,924,0
199,269,0
263,202,0
593,269,0
1469,354,1
547,530,0
427,386,0
800,853,0
12,933,0
1371,823,0
51,297,0
1934,800,0
9,904,0
483,723,0
95,296,0
69,304,0
1856,308,0
1154,375,0
416,174,0
1941,333,0
399,516,0
988,128,0
500,368,0
1229,956,0
537,344,0
1180,583,0
255,309,0
841,748,0
285,541,0
303,678,0
84,297,0
436,383,1
373,833,0
652,393,0
1142,386,0
592,108,0
1481,500,0
987,920,0
917,306,0
1195,585,0
1403,730,0
97,357,0
971,750,0
67,45,0
1047,89,0
1250,854,0
1250,743,0
41,698,0
851,781,0
1012,508,0
1934,873,0
1132,972,0
26,63,0
1191,46,0
1517,947,0
1467,739,0
579,462,0
394,929,0
582,305,0
839,299,0
21,740,0
771,121,0
1859,399,0
4,9,1
1511,499,0
1712,747,0
99,766,0
297,369,0
1529,320,0
45,740,0
1152,589,0
1903,262,0
845,142,0
1009,918,1
550,395,0
161,594,0
1851,333,0
447,416,1
1923,241,0
72,743,0
643,63,0
1467,411,0
1084,409,0
462,105,0
43,323,0
248,214,0
1039,920,0
1893,386,0
1856,301,0
558,810,0
1165,740,0
1523,636,0
570,684,0
1109,584,0
676,563,0
23,772,0
1130,561,0
629,253,0
71,946,0
319,246,1
1000,746,0
92,591,0
422,187,0
931,749,0
396,569,0
540,963,0
1329,335,0
216,743,0
1411,883,0
496,462,0
845,111,0
104,920,0
889,358,1
313,246,1
952,391,0
964,140,0
1522,586,0
930,857,0
865,108,1
1043,426,0
1859,357,0
482,108,0
935,749,0
1132,743,0
512,304,0
369,98,0
68,235,0
1196,308,0
1699,33,0
363,475,0
935,518,0
1043,261,0
1350,9,0
896,556,0
1183,810,0
246,228,0
100,831,0
930,352,0
508,166,0
286,685,0
749,319,0
1181,583,0
681,307,1
1177,485,0
416,172,0
1196,300,0
1411,463,0
1009,836,0
1906,48,0
624,194,0
161,9,0
1854,577,0
246,630,0
251,213,0
110,746,0
1943,664,0
681,308,0
1934,617,0
482,594,0
1134,688,0
1196,320,0
617,531,1
1201,535,0
889,321,0
832,121,0
445,380,0
244,214,0
1904,15,0
342,234,0
131,533,0
988,426,0
1254,848,0
536,633,0
678,852,1
933,772,0
850,561,0
583,302,0
83,610,0
769,166,0
1482,633,0
1899,631,0
1905,684,0
837,523,0
1081,353,0
680,747,0
1122,169,0
1130,512,0
1217,188,0
214,9,0
508,750,0
680,848,0
593,111,0
645,105,0
1280,853,0
174,401,0
1575,617,0
21,518,0
908,0,0
1194,89,0
603,885,0
743,321,0
510,493,1
128,948,0
769,848,0
881,306,0
1154,184,0
1162,86,0
1124,169,1
741,321,0
1245,686,0
212,333,0
1074,364,0
1009,879,0
1149,597,0
416,656,0
988,283,0
1039,174,0
1944,749,0
66,873,0
447,523,0
1041,216,0
1533,256,0
223,631,0
215,340,0
1227,731,0
1271,826,0
1971,936,0
82,946,0
564,630,0
785,692,0
563,98,0
59,351,0
1975,539,0
245,228,0
1414,410,1
436,748,0
1038,929,0
85,297,0
583,448,1
624,48,0
461,692,0
1522,486,0
1560,826,1
646,63,0
504,750,0
1479,194,0
1526,78,0
45,747,0
564,228,0
597,49,0
395,508,0
1274,978,0
587,307,0
594,920,0
507,408,0
671,678,0
958,820,0
66,235,0
917,303,0
1906,37,0
394,304,0
464,902,0
930,745,0
623,194,0
1145,235,0
1981,227,0
1704,186,0
396,566,0
1009,764,0
933,15,0
227,912,1
1221,188,0
809,853,0
401,743,0
21,749,0
451,33,0
1702,363,0
971,15,0
1550,729,0
434,740,0
1751,89,0
1276,235,0
1203,222,0
538,328,0
836,861,0
1096,273,0
1526,684,0
396,283,0
55,482,0
293,208,0
886,444,1
854,399,0
91,611,0
216,261,0
1125,587,1
843,584,0
674,227,0
531,730,0
179,148,0
331,918,0
1130,641,0
160,117,0
46,191,0
593,426,0
214,108,0
1259,617,0
292,731,0
1011,386,0
1599,64,0
1903,351,0
32,823,0
1946,328,0
570,686,0
110,391,0
608,462,0
299,68,0
1151,464,1
838,521,0
285,684,0
1156,49,0
432,443,0
334,464,0
850,873,0
1852,388,0
1254,391,0
46,610,0
513,608,0
432,309,0
1945,717,0
647,340,0
1150,678,0
866,105,0
1272,822,0
1027,70,0
75,232,0
65,731,0
1690,560,0
545,486,1
49,55,0
316,246,1
297,408,0
770,740,0
59,298,1
77,138,0
792,708,0
1142,610,0
698,63,0
1908,169,0
1617,133,0
771,166,0
914,481,0
1185,611,0
132,241,0
595,261,0
1230,191,0
1096,72,0
1971,372,0
980,692,0
851,281,0
881,300,0
1633,55,0
626,344,1
419,251,0
110,857,0
964,781,0
839,309,0
800,443,0
1930,851,0
674,852,0
172,135,0
83,304,0
1829,59,0
1088,958,0
297,363,0
1854,178,0
928,745,0
952,740,0
1982,227,0
650,78,0
1043,283,0
1129,153,0
73,656,0
1109,582,0
1859,273,0
231,931,0
772,610,0
